TPDO DEFAULT;;;;;
PDO Object;Function;Data Format;Bytes;TPDO Data Example(HEX);Note
"TPDO1
(0x180+ID)";Channel1 onoff;char;1;"channel 2,5 on;channel 1,3,4,6,7,8 off
00 01 00 00 01 00 00 00";Only valid if the channel exists
;Channel2 onoff;char;1;;
;Channel3 onoff;char;1;;
;Channel4 onoff;char;1;;
;Channel5 onoff;char;1;;
;Channel6 onoff;char;1;;
;Channel7 onoff;char;1;;
;Channel8 onoff;char;1;;
"TPDO2
(0x280+ID)";Operation register;int;4;00 00 00 00 00 00 00 00 ;Default only links channel 1
;Questionable register;int;4;;
"TPDO3
(0x380+ID)";Meter voltage;float;4;5V2A: 00 00 a0 40 00 00 00 40;Default only links channel 1
;Meter current;float;4;;
"TPDO4
(0x480+ID)";Channel1 sense;char;1;"channel 2,5 on;channel 1,3,4,6,7,8 off
00 01 00 00 01 00 00 00";Only valid if the channel exists
;Channel2 sense;char;1;;
;Channel3 sense;char;1;;
;Channel4 sense;char;1;;
;Channel5 sense;char;1;;
;Channel6 sense;char;1;;
;Channel7 sense;char;1;;
;Channel8 sense;char;1;;
